<?xml version="1.0" encoding="UTF-8"?>
 <beans xmlns="http://www.springframework.org/schema/beans"
	xmlns:xsi="http://www.w3.org/2001/XMLSchema-instance"
	xsi:schemaLocation="http://www.springframework.org/schema/beans
		http://www.springframework.org/schema/beans/spring-beans.xsd
		http://www.springframework.org/schema/context
		http://www.springframework.org/schema/context/spring-context.xsd
		http://www.springframework.org/schema/tx
		http://www.springframework.org/schema/tx/spring-tx.xsd
		http://www.springframework.org/schema/aop http://www.springframework.org/schema/aop/spring-aop.xsd"
	   xmlns:context="http://www.springframework.org/schema/context"
	xmlns:tx="http://www.springframework.org/schema/tx"
	xmlns:aop="http://www.springframework.org/schema/aop">
  
<!--  <context:component-scan base-package="com.kpit"/>  
  	<bean id="x" class="mycars.Car">
  		<constructor-arg ref="y"></constructor-arg>
  	</bean>
  	
  	<bean id="y" class="mycars.Engyyine">
  		<constructor-arg ref="z"></constructor-arg>
  	</bean>

  	<bean id="z" class="mycars.Piston">
  		<constructor-arg value="Twin Spark"></constructor-arg>
  	</bean> --> 
  	
</beans>